customer_code,customer,market,forecast_accuracy_2020,forecast_accuracy_2021
70002017,"Atliq Exclusive",India,34.21,42.74
70002018,"Atliq e Store",India,20.29,43.33
70003181,"Atliq Exclusive",Indonesia,0.00,34.55
70003182,"Atliq e Store",Indonesia,0.00,37.32
70004069,"Atliq Exclusive",Japan,37.62,32.09
70004070,"Atliq e Store",Japan,31.28,29.01
70005163,"Atliq e Store",Pakistan,29.61,38.62
70006157,"Atliq Exclusive",Philiphines,35.84,25.20
70006158,"Atliq e Store",Philiphines,42.65,24.49
70007198,"Atliq Exclusive","South Korea",33.24,17.32
70007199,"Atliq e Store","South Korea",10.04,17.62
70008169,"Atliq Exclusive",Australia,34.19,38.09
70008170,"Atliq e Store",Australia,40.96,38.74
70009133,"Atliq Exclusive",Newzealand,0.00,42.99
70009134,"Atliq e Store",Newzealand,0.00,45.19
70010047,"Atliq Exclusive",Bangladesh,34.54,43.85
70010048,"Atliq e Store",Bangladesh,36.86,46.69
70011193,"Atliq Exclusive",France,35.42,42.15
70011194,"Atliq e Store",France,39.69,41.40
70012042,"Atliq Exclusive",Germany,24.28,22.88
70012043,"Atliq e Store",Germany,8.12,19.79
70013125,"Atliq Exclusive",Italy,27.59,45.27
70013126,"Atliq e Store",Italy,6.22,43.71
70014142,"Atliq Exclusive",Netherlands,37.43,0.00
70014143,"Atliq e Store",Netherlands,38.32,0.00
70015151,"Atliq Exclusive",Norway,3.37,42.91
70015152,"Atliq e Store",Norway,0.00,44.20
70016177,"Atliq Exclusive",Poland,36.22,34.87
70016178,"Atliq e Store",Poland,26.49,34.96
70017060,"Atliq e Store",Portugal,0.00,45.10
70018115,"Atliq e Store",Spain,21.93,41.32
70019204,"Atliq e Store",Sweden,29.42,21.32
70020104,"Atliq e Store",Austria,30.90,41.41
70021096,"Atliq e Store","United Kingdom",23.46,42.81
70022084,"Atliq Exclusive",USA,7.26,35.44
70022085,"Atliq e Store",USA,0.00,34.75
70023031,"Atliq Exclusive",Canada,36.80,45.10
70023032,"Atliq e Store",Canada,37.52,43.81
70026206,"Atliq e Store",Mexico,29.20,31.89
70027208,"Atliq e Store",Brazil,35.34,45.51
80001019,Neptune,China,23.40,45.44
80006154,Synthetic,Philiphines,37.49,24.63
80006155,Novus,Philiphines,36.59,25.28
80007195,Sage,"South Korea",30.09,19.44
80007196,Leader,"South Korea",30.40,18.19
90001020,Zone,China,25.01,44.13
90001021,Taobao,China,0.00,44.98
90002001,"Reliance Digital",India,32.78,44.34
90002002,Croma,India,35.49,42.78
90002003,Ezone,India,33.17,44.11
90002004,"Vijay Sales",India,34.48,42.98
90002005,Lotus,India,34.11,43.30
90002006,Viveks,India,32.48,43.03
90002007,Girias,India,36.01,45.05
90002008,Amazon,India,18.77,42.72
90002009,Flipkart,India,12.64,41.59
90002010,Ebay,India,23.54,44.30
90002011,"Atliq Exclusive",India,32.66,42.13
90002012,Electricalsocity,India,33.81,44.66
90002013,Electricalslytical,India,32.76,42.31
90002014,Expression,India,30.73,41.61
90002015,Propel,India,32.57,41.82
90002016,"Amazon ",India,20.33,42.17
90003179,"Acclaimed Stores",Indonesia,0.00,39.34
90003180,"Amazon ",Indonesia,0.00,37.47
90004061,"Info Stores",Japan,34.99,30.85
90004062,"Flawless Stores",Japan,38.22,32.56
90004063,"Electricalsbea Stores",Japan,33.95,30.05
90004064,All-Out,Japan,35.18,29.09
90004065,Neptune,Japan,35.67,30.27
90004066,"Surface Stores",Japan,36.05,33.51
90004067,Amazon,Japan,31.17,30.59
90004068,"Amazon ",Japan,25.51,28.29
90005159,Expression,Pakistan,34.44,35.87
90005160,"Nomad Stores",Pakistan,37.30,37.29
90005161,Zone,Pakistan,40.08,37.10
90005162,"Amazon ",Pakistan,33.72,36.59
90006153,Insight,Philiphines,37.11,26.88
90006156,"Amazon ",Philiphines,37.21,27.94
90007197,"Amazon ","South Korea",6.40,15.79
90008164,Digimarket,Australia,37.15,36.01
90008165,"Forward Stores",Australia,36.03,39.27
90008166,Sound,Australia,38.51,36.79
90008167,Electricalsocity,Australia,33.62,34.77
90008168,"Amazon ",Australia,35.92,36.62
90009127,"Epic Stores",Newzealand,2.83,44.12
90009128,Propel,Newzealand,0.00,43.40
90009129,Leader,Newzealand,6.01,41.57
90009130,"Logic Stores",Newzealand,0.06,45.34
90009131,Path,Newzealand,0.00,43.94
90009132,"Amazon ",Newzealand,0.00,43.93
90010044,"Surface Stores",Bangladesh,38.33,43.19
90010045,Control,Bangladesh,37.45,43.80
90010046,"Amazon ",Bangladesh,42.51,42.74
90011185,"Epic Stores",France,36.66,42.86
90011186,Elite,France,37.55,43.26
90011187,"Chip 7",France,33.80,41.23
90011188,Elkjøp,France,37.22,40.16
90011189,UniEuro,France,35.97,42.08
90011190,"Media Markt",France,35.55,41.26
90011191,Sorefoz,France,34.91,41.54
90011192,"Amazon ",France,35.65,42.02
90012033,Digimarket,Germany,22.86,22.51
90012034,Otto,Germany,28.26,18.37
90012035,Notebillig,Germany,20.13,18.87
90012036,Billa,Germany,26.05,18.29
90012037,Saturn,Germany,25.11,19.16
90012038,Expert,Germany,24.50,24.70
90012039,"Currys (Dixons Carphone)",Germany,21.20,22.19
90012040,Fnac-Darty,Germany,23.25,21.85
90012041,"Amazon ",Germany,0.00,23.41
90013116,"Unity Stores",Italy,27.53,44.61
90013117,Euronics,Italy,31.06,43.74
90013118,Fnac-Darty,Italy,27.95,45.17
90013119,"Argos (Sainsbury's)",Italy,26.24,44.70
90013120,Coolblue,Italy,25.38,47.23
90013121,Boulanger,Italy,29.58,43.30
90013122,"Radio Popular",Italy,28.68,45.09
90013123,Expert,Italy,24.56,44.76
90013124,"Amazon ",Italy,3.77,45.76
90014135,"Electricalslance Stores",Netherlands,34.54,0.00
90014136,"Reliance Digital",Netherlands,37.59,0.00
90014137,"Media Markt",Netherlands,37.85,0.00
90014138,Mbit,Netherlands,37.83,0.00
90014139,Elkjøp,Netherlands,34.74,0.00
90014140,"Radio Popular",Netherlands,38.53,0.00
90014141,"Amazon ",Netherlands,37.39,0.00
90015144,Sound,Norway,8.37,45.37
90015145,Synthetic,Norway,8.66,42.83
90015146,Mbit,Norway,0.86,45.76
90015147,Chiptec,Norway,6.38,45.46
90015148,Boulanger,Norway,7.92,44.78
90015149,UniEuro,Norway,7.91,45.33
90015150,"Amazon ",Norway,0.00,43.83
90016171,"Electricalsara Stores",Poland,29.72,33.54
90016172,Power,Poland,34.93,34.89
90016173,Expert,Poland,36.76,35.26
90016174,"Currys (Dixons Carphone)",Poland,33.44,33.04
90016175,"Argos (Sainsbury's)",Poland,34.41,33.54
90016176,"Amazon ",Poland,26.94,32.93
90017049,"Premium Stores",Portugal,22.51,44.91
90017050,"Electricalsara Stores",Portugal,17.89,45.28
90017051,"Forward Stores",Portugal,17.75,46.16
90017052,Power,Portugal,14.72,44.83
90017053,"Info Stores",Portugal,12.11,45.08
90017054,"Flawless Stores",Portugal,13.76,45.52
90017055,"Electricalslance Stores",Portugal,14.71,44.68
90017056,Sorefoz,Portugal,19.14,44.76
90017057,Euronics,Portugal,16.45,43.70
90017058,Mbit,Portugal,15.45,46.03
90017059,"Amazon ",Portugal,0.00,45.06
90018105,"Integration Stores",Spain,33.45,40.90
90018106,Flipkart,Spain,22.47,42.41
90018107,Elite,Spain,33.45,42.46
90018108,Relief,Spain,26.66,41.39
90018109,Chiptec,Spain,31.96,41.56
90018110,Boulanger,Spain,31.38,42.52
90018111,"Media Markt",Spain,32.41,41.89
90018112,Euronics,Spain,35.29,41.97
90018113,Elkjøp,Spain,34.14,41.17
90018114,"Amazon ",Spain,27.51,41.50
90019200,Sorefoz,Sweden,36.41,24.14
90019201,Expert,Sweden,34.94,20.34
90019202,"Argos (Sainsbury's)",Sweden,34.88,16.17
90019203,"Amazon ",Sweden,34.66,16.43
90020097,"Atlas Stores",Austria,36.97,43.23
90020098,"Electricalsquipo Stores",Austria,35.05,43.19
90020099,"Integration Stores",Austria,35.16,42.43
90020100,Nova,Austria,36.07,41.59
90020101,Euronics,Austria,35.72,40.25
90020102,Fnac-Darty,Austria,36.18,42.70
90020103,"Amazon ",Austria,30.90,41.00
90021086,"Electricalsquipo Stores","United Kingdom",38.11,44.45
90021087,"Logic Stores","United Kingdom",36.41,44.57
90021088,Electricalslytical,"United Kingdom",36.01,45.33
90021089,"Atlas Stores","United Kingdom",38.10,43.95
90021090,"Radio Popular","United Kingdom",36.16,44.37
90021091,Expert,"United Kingdom",34.19,43.28
90021092,UniEuro,"United Kingdom",35.31,43.73
90021093,"Chip 7","United Kingdom",33.88,44.50
90021094,Coolblue,"United Kingdom",37.94,45.24
90021095,"Amazon ","United Kingdom",27.92,44.53
90022071,"Acclaimed Stores",USA,1.75,34.58
90022072,Path,USA,6.48,36.97
90022073,Control,USA,8.03,33.81
90022074,Flipkart,USA,0.00,33.26
90022075,BestBuy,USA,7.31,35.31
90022076,"Circuit City",USA,9.90,35.02
90022077,"Radio Shack",USA,7.10,38.46
90022078,Costco,USA,4.98,35.53
90022079,walmart,USA,6.89,34.55
90022080,Staples,USA,10.53,35.40
90022081,Amazon,USA,0.00,34.64
90022082,"Amazon ",USA,0.00,36.35
90022083,Ebay,USA,0.00,37.01
90023022,"Nomad Stores",Canada,36.60,45.05
90023023,Amazon,Canada,37.06,43.80
90023024,Sage,Canada,38.59,45.82
90023025,"Premium Stores",Canada,35.14,45.10
90023026,Relief,Canada,40.19,46.27
90023027,Costco,Canada,34.75,46.67
90023028,walmart,Canada,36.83,45.98
90023029,Staples,Canada,36.46,43.74
90023030,"Amazon ",Canada,41.11,43.77
90024183,"Electricalsbea Stores",Chile,26.54,37.76
90024184,"Amazon ",Chile,18.49,37.88
90025209,"Electricalsbea Stores",Columbia,34.21,44.37
90026205,"Amazon ",Mexico,25.63,36.84
90027207,"Amazon ",Brazil,34.62,43.97
