customer,region,net_sales_mln,pct,,,,,,,,,
Amazon ,APAC,57.41,13,,,,,,,,,
Atliq Exclusive,APAC,51.58,12,,APAC  market share %,,,,,,,
Atliq e Store,APAC,36.97,8,,,,,,,,,
Leader,APAC,24.52,6,,,,,,,,,
Sage,APAC,22.85,5,,,,,,,,,
Neptune,APAC,21.01,5,,,,,,,,,
Electricalsocity,APAC,16.25,4,,,,,,,,,
Propel,APAC,14.14,3,,,,,,,,,
Synthetic,APAC,14.14,3,,,,,,,,,
Flipkart,APAC,12.96,3,,,,,,,,,
Novus,APAC,12.91,3,,,,,,,,,
Expression,APAC,12.9,3,,,,,,,,,
Girias,APAC,11.3,3,,,,,,,,,
Vijay Sales,APAC,11.27,3,,,,,,,,,
Ebay,APAC,11.14,3,,,,,,,,,
Reliance Digital,APAC,11.1,3,,,,,,,,,
Electricalslytical,APAC,11.08,3,,,,,,,,,
Lotus,APAC,10.53,2,,,,,,,,,
Ezone,APAC,10.3,2,,,,,,,,,
Viveks,APAC,10.09,2,,,,,,,,,
Croma,APAC,9.88,2,,,,,,,,,
Zone,APAC,6.91,2,,,,,,,,,
Acclaimed Stores,APAC,5.79,1,,,,,,,,,
Taobao,APAC,4.31,1,,,,,,,,,
Digimarket,APAC,3.97,1,,,,,,,,,
Forward Stores,APAC,3.83,1,,,,,,,,,
Insight,APAC,3.61,1,,,,,,,,,
Sound,APAC,3.44,1,,,,,,,,,
Surface Stores,APAC,2.78,1,,,,,,,,,
Logic Stores,APAC,2.21,1,,,,,,,,,
Epic Stores,APAC,1.93,0,,,,,,,,,
Path,APAC,1.92,0,,,,,,,,,
Control,APAC,1.62,0,,,,,,,,,
Nomad Stores,APAC,1.55,0,,EU market share %,,,,,,,
All-Out,APAC,1.06,0,,,,,,,,,
Electricalsbea Stores,APAC,0.95,0,,,,,,,,,
Flawless Stores,APAC,0.9,0,,,,,,,,,
Info Stores,APAC,0.89,0,,,,,,,,,
Atliq e Store,EU,19.83,10,,,,,,,,,
Amazon ,EU,19.77,10,,,,,,,,,
Atliq Exclusive,EU,13.39,7,,,,,,,,,
UniEuro,EU,9.63,5,,,,,,,,,
Expert,EU,8.38,4,,,,,,,,,
Chip 7,EU,7.23,4,,,,,,,,,
Radio Popular,EU,6.95,3,,,,,,,,,
Media Markt,EU,6.88,3,,,,,,,,,
Elkjøp,EU,6.76,3,,,,,,,,,
Sorefoz,EU,6.13,3,,,,,,,,,
Coolblue,EU,5.59,3,,,,,,,,,
Elite,EU,5.41,3,,,,,,,,,
Boulanger,EU,5.32,3,,,,,,,,,
Mbit,EU,5.18,3,,,,,,,,,
Euronics,EU,5.1,3,,,,,,,,,
Electricalsquipo Stores,EU,4.75,2,,,,,,,,,
Electricalslytical,EU,4.56,2,,,,,,,,,
Atlas Stores,EU,4.16,2,,,,,,,,,
Logic Stores,EU,4.1,2,,,,,,,,,
Chiptec,EU,3.93,2,,,,,,,,,
Fnac-Darty,EU,3.77,2,,,,,,,,,
Epic Stores,EU,3.53,2,,,,,,,,,
Electricalslance Stores,EU,3.07,2,,,,,,,,,
Argos (Sainsbury's),EU,2.97,1,,,,,,,,,
Power,EU,2.6,1,,,,,,,,,
Currys (Dixons Carphone),EU,2.43,1,,,,,,,,,
Electricalsara Stores,EU,2.42,1,,,,,,,,,
Sound,EU,2.25,1,,,,,,,,,
Synthetic,EU,1.96,1,,,,,,,,,
Flipkart,EU,1.94,1,,,,,,,,,
Integration Stores,EU,1.88,1,,,,,,,,,
Relief,EU,1.7,1,,,,,,,,,
Reliance Digital,EU,1.65,1,,,,,,,,,
Billa,EU,1.65,1,,,,,,,,,
Unity Stores,EU,1.6,1,,,,,,,,,
Otto,EU,1.57,1,,,,,,,,,
Saturn,EU,1.56,1,,LATAM market share %,,,,,,,
Info Stores,EU,1.51,1,,,,,,,,,
Forward Stores,EU,1.48,1,,,,,,,,,
Flawless Stores,EU,1.47,1,,,,,,,,,
Notebillig,EU,1.47,1,,,,,,,,,
Digimarket,EU,1.44,1,,,,,,,,,
Premium Stores,EU,1.39,1,,,,,,,,,
Nova,EU,0.46,0,,,,,,,,,
Amazon ,LATAM,1.54,49,,,,,,,,,
Atliq e Store,LATAM,1.09,34,,,,,,,,,
Electricalsbea Stores,LATAM,0.53,17,,,,,,,,,
Amazon ,NA,30.31,17,,,,,,,,,
Atliq Exclusive,NA,14.95,8,,,,,,,,,
walmart,NA,12.63,7,,,,,,,,,
Atliq e Store,NA,12.42,7,,,,,,,,,
Costco,NA,12.19,7,,,,,,,,,
Staples,NA,11.49,6,,,,,,,,,
Flipkart,NA,10.35,6,,,,,,,,,
Path,NA,9.1,5,,NA market share %,,,,,,,
Ebay,NA,8.74,5,,,,,,,,,
Acclaimed Stores,NA,8.53,5,,,,,,,,,
Control,NA,8.48,5,,,,,,,,,
BestBuy,NA,8.26,5,,,,,,,,,
Circuit City,NA,8.11,5,,,,,,,,,
Radio Shack,NA,7.12,4,,,,,,,,,
Sage,NA,4.22,2,,,,,,,,,
Nomad Stores,NA,3.73,2,,,,,,,,,
Premium Stores,NA,3.7,2,,,,,,,,,
Relief,NA,3.61,2,,,,,,,,,
